sales_method,recorded_revenue_total,estimated_revenue_total,imputed_revenue_addition,scenario_revenue_total,change_from_base,scenario
Call,227563.49,236396.51456844635,8833.024568446359,236396.51456844635,0.0,Base estimate
Email,672317.83,725575.3498110246,53257.51981102466,725575.3498110246,0.0,Base estimate
Email + Call,408256.69,473862.462912212,65605.772912212,473862.462912212,0.0,Base estimate
Call,227563.49,236396.51456844635,8833.024568446359,234629.90965475707,-1766.6049136892834,All missing amounts -20%
Email,672317.83,725575.3498110246,53257.51981102466,714923.8458488197,-10651.503962204908,All missing amounts -20%
Email + Call,408256.69,473862.462912212,65605.772912212,460741.30832976964,-13121.154582442367,All missing amounts -20%
Call,227563.49,236396.51456844635,8833.024568446359,235513.21211160172,-883.3024568446272,All missing amounts -10%
Email,672317.83,725575.3498110246,53257.51981102466,720249.5978299221,-5325.751981102512,All missing amounts -10%
Email + Call,408256.69,473862.462912212,65605.772912212,467301.8856209908,-6560.577291221183,All missing amounts -10%
Call,227563.49,236396.51456844635,8833.024568446359,237279.81702529098,883.3024568446272,All missing amounts +10%
Email,672317.83,725575.3498110246,53257.51981102466,730901.1017921271,5325.751981102512,All missing amounts +10%
Email + Call,408256.69,473862.462912212,65605.772912212,480423.04020343325,6560.5772912212415,All missing amounts +10%
Call,227563.49,236396.51456844635,8833.024568446359,238163.11948213563,1766.6049136892834,All missing amounts +20%
Email,672317.83,725575.3498110246,53257.51981102466,736226.8537732295,10651.503962204908,All missing amounts +20%
Email + Call,408256.69,473862.462912212,65605.772912212,486983.6174946544,13121.154582442367,All missing amounts +20%
Call,227563.49,236396.51456844635,8833.024568446359,234629.90965475707,-1766.6049136892834,Call missing amounts -20%
Email,672317.83,725575.3498110246,53257.51981102466,725575.3498110246,0.0,Call missing amounts -20%
Email + Call,408256.69,473862.462912212,65605.772912212,473862.462912212,0.0,Call missing amounts -20%
Call,227563.49,236396.51456844635,8833.024568446359,238163.11948213563,1766.6049136892834,Call missing amounts +20%
Email,672317.83,725575.3498110246,53257.51981102466,725575.3498110246,0.0,Call missing amounts +20%
Email + Call,408256.69,473862.462912212,65605.772912212,473862.462912212,0.0,Call missing amounts +20%
Call,227563.49,236396.51456844635,8833.024568446359,236396.51456844635,0.0,Email missing amounts -20%
Email,672317.83,725575.3498110246,53257.51981102466,714923.8458488197,-10651.503962204908,Email missing amounts -20%
Email + Call,408256.69,473862.462912212,65605.772912212,473862.462912212,0.0,Email missing amounts -20%
Call,227563.49,236396.51456844635,8833.024568446359,236396.51456844635,0.0,Email missing amounts +20%
Email,672317.83,725575.3498110246,53257.51981102466,736226.8537732295,10651.503962204908,Email missing amounts +20%
Email + Call,408256.69,473862.462912212,65605.772912212,473862.462912212,0.0,Email missing amounts +20%
Call,227563.49,236396.51456844635,8833.024568446359,236396.51456844635,0.0,Email + Call missing amounts -20%
Email,672317.83,725575.3498110246,53257.51981102466,725575.3498110246,0.0,Email + Call missing amounts -20%
Email + Call,408256.69,473862.462912212,65605.772912212,460741.30832976964,-13121.154582442367,Email + Call missing amounts -20%
Call,227563.49,236396.51456844635,8833.024568446359,236396.51456844635,0.0,Email + Call missing amounts +20%
Email,672317.83,725575.3498110246,53257.51981102466,725575.3498110246,0.0,Email + Call missing amounts +20%
Email + Call,408256.69,473862.462912212,65605.772912212,486983.6174946544,13121.154582442367,Email + Call missing amounts +20%
