scenario,scenario_revenue_total,change_from_base,week_5_to_6_change_percentage
All missing amounts +10%,1448603.9590208514,12769.63172916838,-33.54405648264529
All missing amounts +20%,1461373.5907500195,25539.263458336558,-33.35111776782493
All missing amounts -10%,1423064.6955625147,-12769.631729168323,-33.94201029738625
All missing amounts -20%,1410295.0638333464,-25539.263458336558,-34.14728001443487
Base estimate,1435834.3272916828,0.0,-33.74097909922283
Call missing amounts +20%,1437600.9322053723,1766.6049136892834,-33.73532626085633
Call missing amounts -20%,1434067.7223779936,-1766.6049136892834,-33.74664768668354
Email + Call missing amounts +20%,1448955.4818741253,13121.154582442367,-33.199624089282466
Email + Call missing amounts -20%,1422713.1727092406,-13121.154582442367,-34.29845484520504
Email missing amounts +20%,1446485.8312538879,10651.503962204908,-33.897308503940714
Email missing amounts -20%,1425182.823329478,-10651.503962204908,-33.5832090338401
