week,sales_method,customer_count,recorded_revenue_count,missing_revenue_count,missing_revenue_percentage,weekly_customer_share_percentage,observed_mean_revenue,observed_median_revenue,observed_revenue_std,recorded_revenue_total,imputed_revenue_addition,estimated_revenue_total,observed_mean_wow_growth_fraction,estimated_total_wow_growth_fraction
1,Call,758,740,18,2.3746701846965697,20.370868046224132,35.35024324324324,35.195,1.3579924071325975,26159.18,634.9049846934967,26794.084984693498,,
1,Email,2815,2626,189,6.714031971580817,75.65170653050255,87.49640137090631,86.535,4.874426946263438,229765.55,16496.430616699767,246261.98061669976,,
1,Email + Call,148,131,17,11.486486486486488,3.9774254232733135,128.89564885496185,128.72,2.762566003175765,16885.33,2195.4287186700767,19080.758718670077,,
2,Call,805,775,30,3.7267080745341614,32.3163388197511,43.6026064516129,43.46,1.3368075545652836,33792.02,1311.513385708402,35103.533385708404,0.2334457262878098,0.3101224918022689
2,Email,1486,1377,109,7.335127860026917,59.654757125652345,100.13912127814089,99.25,4.742782692898148,137891.57,10898.160296925445,148789.73029692544,0.14449417015039034,-0.3958071403294985
2,Email + Call,200,171,29,14.499999999999998,8.028904054596547,154.24695906432748,154.17,2.6661814715976986,26376.23,4484.377044025157,30860.607044025157,0.19668088437874176,0.6173679201670725
3,Call,902,868,34,3.7694013303769403,37.41186229780174,41.75952764976958,41.47,1.473119118776304,36247.27,1413.9071968701096,37661.17719687011,-0.04226992264530416,0.07286001050261759
3,Email,1150,1065,85,7.391304347826087,47.6980506014102,92.76257276995305,91.8,4.524006282966237,98792.14,8022.606130290673,106814.74613029067,-0.07366300416896154,-0.282109417651805
3,Email + Call,359,324,35,9.749303621169917,14.890087100788055,150.42327160493826,149.93,2.877060081468591,48737.14,5261.0490625,53998.1890625,-0.02478938633593797,0.7497448765498103
4,Call,1005,964,41,4.079601990049751,39.029126213592235,51.44604771784232,51.27,1.339912987443596,49593.99,2107.8356922044777,51701.825692204475,0.2319595218919146,0.37281491287269786
4,Email,1075,990,85,7.906976744186046,41.74757281553398,108.8771414141414,108.09,4.612693964694955,107788.37,9241.138658783078,117029.50865878307,0.1737184315074114,0.0956306399495872
4,Email + Call,495,433,62,12.525252525252526,19.223300970873787,180.82263279445726,180.55,2.9096454373113163,78296.2,11225.20851318945,89521.40851318945,0.20209214216107374,0.6578594591306244
5,Call,1044,1007,37,3.5440613026819925,40.55944055944056,53.14608738828203,52.97,1.317352375268695,53518.11,1975.5164662831646,55493.62646628317,0.03304509764799879,0.07333978487824289
5,Email,743,683,60,8.07537012113055,28.86557886557887,108.89231332357247,108.02,4.659162848946582,74373.45,6513.594123966942,80887.04412396695,0.00013934889577371656,-0.3088320625201876
5,Email + Call,787,676,111,14.104193138500634,30.574980574980575,187.58834319526628,187.195,2.7230587769608,126809.72,20834.364537437195,147644.0845374372,0.037416280784384304,0.6492600707425682
6,Call,448,427,21,4.6875,36.48208469055375,66.16608899297424,65.97,1.3583920768007973,28252.92,1389.3468426866991,29642.2668426867,0.24498513897305152,-0.46584376026142826
6,Email,197,181,16,8.121827411167512,16.042345276872965,130.97651933701658,130.45,4.651886180884242,23706.75,2085.589984358707,25792.339984358707,0.20280775877927315,-0.6811313818708774
6,Email + Call,583,488,95,16.295025728987994,47.47557003257329,227.77063524590164,227.405,2.7986274514592204,111152.07,21605.345036390103,132757.4150363901,0.21420463215461338,-0.10082807955148632
