week,sales_method,recorded_revenue_total,imputed_revenue_addition,scenario_revenue_total,scenario
1,Call,26159.18,634.9049846934967,26794.084984693498,Base estimate
1,Email,229765.55,16496.430616699767,246261.98061669976,Base estimate
1,Email + Call,16885.33,2195.4287186700767,19080.758718670077,Base estimate
2,Call,33792.02,1311.513385708402,35103.5333857084,Base estimate
2,Email,137891.57,10898.160296925445,148789.73029692547,Base estimate
2,Email + Call,26376.23,4484.377044025157,30860.607044025157,Base estimate
3,Call,36247.27,1413.9071968701096,37661.17719687011,Base estimate
3,Email,98792.14,8022.606130290673,106814.74613029067,Base estimate
3,Email + Call,48737.14,5261.0490625,53998.1890625,Base estimate
4,Call,49593.99,2107.8356922044777,51701.825692204475,Base estimate
4,Email,107788.37,9241.138658783078,117029.50865878307,Base estimate
4,Email + Call,78296.2,11225.20851318945,89521.40851318944,Base estimate
5,Call,53518.11,1975.5164662831646,55493.62646628317,Base estimate
5,Email,74373.45,6513.594123966942,80887.04412396695,Base estimate
5,Email + Call,126809.72,20834.364537437195,147644.0845374372,Base estimate
6,Call,28252.92,1389.3468426866991,29642.2668426867,Base estimate
6,Email,23706.75,2085.589984358707,25792.339984358707,Base estimate
6,Email + Call,111152.07,21605.345036390103,132757.4150363901,Base estimate
1,Call,26159.18,634.9049846934967,26667.1039877548,All missing amounts -20%
1,Email,229765.55,16496.430616699767,242962.6944933598,All missing amounts -20%
1,Email + Call,16885.33,2195.4287186700767,18641.672974936064,All missing amounts -20%
2,Call,33792.02,1311.513385708402,34841.23070856672,All missing amounts -20%
2,Email,137891.57,10898.160296925445,146610.09823754037,All missing amounts -20%
2,Email + Call,26376.23,4484.377044025157,29963.731635220127,All missing amounts -20%
3,Call,36247.27,1413.9071968701096,37378.39575749609,All missing amounts -20%
3,Email,98792.14,8022.606130290673,105210.22490423254,All missing amounts -20%
3,Email + Call,48737.14,5261.0490625,52945.97925,All missing amounts -20%
4,Call,49593.99,2107.8356922044777,51280.25855376358,All missing amounts -20%
4,Email,107788.37,9241.138658783078,115181.28092702646,All missing amounts -20%
4,Email + Call,78296.2,11225.20851318945,87276.36681055155,All missing amounts -20%
5,Call,53518.11,1975.5164662831646,55098.52317302653,All missing amounts -20%
5,Email,74373.45,6513.594123966942,79584.32529917355,All missing amounts -20%
5,Email + Call,126809.72,20834.364537437195,143477.21162994974,All missing amounts -20%
6,Call,28252.92,1389.3468426866991,29364.39747414936,All missing amounts -20%
6,Email,23706.75,2085.589984358707,25375.221987486966,All missing amounts -20%
6,Email + Call,111152.07,21605.345036390103,128436.34602911209,All missing amounts -20%
1,Call,26159.18,634.9049846934967,26730.59448622415,All missing amounts -10%
1,Email,229765.55,16496.430616699767,244612.33755502978,All missing amounts -10%
1,Email + Call,16885.33,2195.4287186700767,18861.215846803072,All missing amounts -10%
2,Call,33792.02,1311.513385708402,34972.38204713756,All missing amounts -10%
2,Email,137891.57,10898.160296925445,147699.9142672329,All missing amounts -10%
2,Email + Call,26376.23,4484.377044025157,30412.16933962264,All missing amounts -10%
3,Call,36247.27,1413.9071968701096,37519.786477183094,All missing amounts -10%
3,Email,98792.14,8022.606130290673,106012.48551726161,All missing amounts -10%
3,Email + Call,48737.14,5261.0490625,53472.08415625,All missing amounts -10%
4,Call,49593.99,2107.8356922044777,51491.04212298403,All missing amounts -10%
4,Email,107788.37,9241.138658783078,116105.39479290477,All missing amounts -10%
4,Email + Call,78296.2,11225.20851318945,88398.8876618705,All missing amounts -10%
5,Call,53518.11,1975.5164662831646,55296.07481965485,All missing amounts -10%
5,Email,74373.45,6513.594123966942,80235.68471157024,All missing amounts -10%
5,Email + Call,126809.72,20834.364537437195,145560.64808369346,All missing amounts -10%
6,Call,28252.92,1389.3468426866991,29503.332158418027,All missing amounts -10%
6,Email,23706.75,2085.589984358707,25583.780985922836,All missing amounts -10%
6,Email + Call,111152.07,21605.345036390103,130596.88053275109,All missing amounts -10%
1,Call,26159.18,634.9049846934967,26857.575483162847,All missing amounts +10%
1,Email,229765.55,16496.430616699767,247911.62367836974,All missing amounts +10%
1,Email + Call,16885.33,2195.4287186700767,19300.301590537085,All missing amounts +10%
2,Call,33792.02,1311.513385708402,35234.68472427924,All missing amounts +10%
2,Email,137891.57,10898.160296925445,149879.546326618,All missing amounts +10%
2,Email + Call,26376.23,4484.377044025157,31309.044748427674,All missing amounts +10%
3,Call,36247.27,1413.9071968701096,37802.56791655712,All missing amounts +10%
3,Email,98792.14,8022.606130290673,107617.00674331974,All missing amounts +10%
3,Email + Call,48737.14,5261.0490625,54524.293968750004,All missing amounts +10%
4,Call,49593.99,2107.8356922044777,51912.60926142492,All missing amounts +10%
4,Email,107788.37,9241.138658783078,117953.62252466139,All missing amounts +10%
4,Email + Call,78296.2,11225.20851318945,90643.9293645084,All missing amounts +10%
5,Call,53518.11,1975.5164662831646,55691.17811291148,All missing amounts +10%
5,Email,74373.45,6513.594123966942,81538.40353636364,All missing amounts +10%
5,Email + Call,126809.72,20834.364537437195,149727.5209911809,All missing amounts +10%
6,Call,28252.92,1389.3468426866991,29781.201526955367,All missing amounts +10%
6,Email,23706.75,2085.589984358707,26000.898982794577,All missing amounts +10%
6,Email + Call,111152.07,21605.345036390103,134917.94954002913,All missing amounts +10%
1,Call,26159.18,634.9049846934967,26921.065981632197,All missing amounts +20%
1,Email,229765.55,16496.430616699767,249561.26674003972,All missing amounts +20%
1,Email + Call,16885.33,2195.4287186700767,19519.844462404093,All missing amounts +20%
2,Call,33792.02,1311.513385708402,35365.83606285008,All missing amounts +20%
2,Email,137891.57,10898.160296925445,150969.36235631054,All missing amounts +20%
2,Email + Call,26376.23,4484.377044025157,31757.482452830187,All missing amounts +20%
3,Call,36247.27,1413.9071968701096,37943.958636244126,All missing amounts +20%
3,Email,98792.14,8022.606130290673,108419.2673563488,All missing amounts +20%
3,Email + Call,48737.14,5261.0490625,55050.398875,All missing amounts +20%
4,Call,49593.99,2107.8356922044777,52123.392830645374,All missing amounts +20%
4,Email,107788.37,9241.138658783078,118877.73639053969,All missing amounts +20%
4,Email + Call,78296.2,11225.20851318945,91766.45021582734,All missing amounts +20%
5,Call,53518.11,1975.5164662831646,55888.7297595398,All missing amounts +20%
5,Email,74373.45,6513.594123966942,82189.76294876033,All missing amounts +20%
5,Email + Call,126809.72,20834.364537437195,151810.95744492463,All missing amounts +20%
6,Call,28252.92,1389.3468426866991,29920.13621122404,All missing amounts +20%
6,Email,23706.75,2085.589984358707,26209.457981230447,All missing amounts +20%
6,Email + Call,111152.07,21605.345036390103,137078.48404366814,All missing amounts +20%
1,Call,26159.18,634.9049846934967,26667.1039877548,Call missing amounts -20%
1,Email,229765.55,16496.430616699767,246261.98061669976,Call missing amounts -20%
1,Email + Call,16885.33,2195.4287186700767,19080.758718670077,Call missing amounts -20%
2,Call,33792.02,1311.513385708402,34841.23070856672,Call missing amounts -20%
2,Email,137891.57,10898.160296925445,148789.73029692547,Call missing amounts -20%
2,Email + Call,26376.23,4484.377044025157,30860.607044025157,Call missing amounts -20%
3,Call,36247.27,1413.9071968701096,37378.39575749609,Call missing amounts -20%
3,Email,98792.14,8022.606130290673,106814.74613029067,Call missing amounts -20%
3,Email + Call,48737.14,5261.0490625,53998.1890625,Call missing amounts -20%
4,Call,49593.99,2107.8356922044777,51280.25855376358,Call missing amounts -20%
4,Email,107788.37,9241.138658783078,117029.50865878307,Call missing amounts -20%
4,Email + Call,78296.2,11225.20851318945,89521.40851318944,Call missing amounts -20%
5,Call,53518.11,1975.5164662831646,55098.52317302653,Call missing amounts -20%
5,Email,74373.45,6513.594123966942,80887.04412396695,Call missing amounts -20%
5,Email + Call,126809.72,20834.364537437195,147644.0845374372,Call missing amounts -20%
6,Call,28252.92,1389.3468426866991,29364.39747414936,Call missing amounts -20%
6,Email,23706.75,2085.589984358707,25792.339984358707,Call missing amounts -20%
6,Email + Call,111152.07,21605.345036390103,132757.4150363901,Call missing amounts -20%
1,Call,26159.18,634.9049846934967,26921.065981632197,Call missing amounts +20%
1,Email,229765.55,16496.430616699767,246261.98061669976,Call missing amounts +20%
1,Email + Call,16885.33,2195.4287186700767,19080.758718670077,Call missing amounts +20%
2,Call,33792.02,1311.513385708402,35365.83606285008,Call missing amounts +20%
2,Email,137891.57,10898.160296925445,148789.73029692547,Call missing amounts +20%
2,Email + Call,26376.23,4484.377044025157,30860.607044025157,Call missing amounts +20%
3,Call,36247.27,1413.9071968701096,37943.958636244126,Call missing amounts +20%
3,Email,98792.14,8022.606130290673,106814.74613029067,Call missing amounts +20%
3,Email + Call,48737.14,5261.0490625,53998.1890625,Call missing amounts +20%
4,Call,49593.99,2107.8356922044777,52123.392830645374,Call missing amounts +20%
4,Email,107788.37,9241.138658783078,117029.50865878307,Call missing amounts +20%
4,Email + Call,78296.2,11225.20851318945,89521.40851318944,Call missing amounts +20%
5,Call,53518.11,1975.5164662831646,55888.7297595398,Call missing amounts +20%
5,Email,74373.45,6513.594123966942,80887.04412396695,Call missing amounts +20%
5,Email + Call,126809.72,20834.364537437195,147644.0845374372,Call missing amounts +20%
6,Call,28252.92,1389.3468426866991,29920.13621122404,Call missing amounts +20%
6,Email,23706.75,2085.589984358707,25792.339984358707,Call missing amounts +20%
6,Email + Call,111152.07,21605.345036390103,132757.4150363901,Call missing amounts +20%
1,Call,26159.18,634.9049846934967,26794.084984693498,Email missing amounts -20%
1,Email,229765.55,16496.430616699767,242962.6944933598,Email missing amounts -20%
1,Email + Call,16885.33,2195.4287186700767,19080.758718670077,Email missing amounts -20%
2,Call,33792.02,1311.513385708402,35103.5333857084,Email missing amounts -20%
2,Email,137891.57,10898.160296925445,146610.09823754037,Email missing amounts -20%
2,Email + Call,26376.23,4484.377044025157,30860.607044025157,Email missing amounts -20%
3,Call,36247.27,1413.9071968701096,37661.17719687011,Email missing amounts -20%
3,Email,98792.14,8022.606130290673,105210.22490423254,Email missing amounts -20%
3,Email + Call,48737.14,5261.0490625,53998.1890625,Email missing amounts -20%
4,Call,49593.99,2107.8356922044777,51701.825692204475,Email missing amounts -20%
4,Email,107788.37,9241.138658783078,115181.28092702646,Email missing amounts -20%
4,Email + Call,78296.2,11225.20851318945,89521.40851318944,Email missing amounts -20%
5,Call,53518.11,1975.5164662831646,55493.62646628317,Email missing amounts -20%
5,Email,74373.45,6513.594123966942,79584.32529917355,Email missing amounts -20%
5,Email + Call,126809.72,20834.364537437195,147644.0845374372,Email missing amounts -20%
6,Call,28252.92,1389.3468426866991,29642.2668426867,Email missing amounts -20%
6,Email,23706.75,2085.589984358707,25375.221987486966,Email missing amounts -20%
6,Email + Call,111152.07,21605.345036390103,132757.4150363901,Email missing amounts -20%
1,Call,26159.18,634.9049846934967,26794.084984693498,Email missing amounts +20%
1,Email,229765.55,16496.430616699767,249561.26674003972,Email missing amounts +20%
1,Email + Call,16885.33,2195.4287186700767,19080.758718670077,Email missing amounts +20%
2,Call,33792.02,1311.513385708402,35103.5333857084,Email missing amounts +20%
2,Email,137891.57,10898.160296925445,150969.36235631054,Email missing amounts +20%
2,Email + Call,26376.23,4484.377044025157,30860.607044025157,Email missing amounts +20%
3,Call,36247.27,1413.9071968701096,37661.17719687011,Email missing amounts +20%
3,Email,98792.14,8022.606130290673,108419.2673563488,Email missing amounts +20%
3,Email + Call,48737.14,5261.0490625,53998.1890625,Email missing amounts +20%
4,Call,49593.99,2107.8356922044777,51701.825692204475,Email missing amounts +20%
4,Email,107788.37,9241.138658783078,118877.73639053969,Email missing amounts +20%
4,Email + Call,78296.2,11225.20851318945,89521.40851318944,Email missing amounts +20%
5,Call,53518.11,1975.5164662831646,55493.62646628317,Email missing amounts +20%
5,Email,74373.45,6513.594123966942,82189.76294876033,Email missing amounts +20%
5,Email + Call,126809.72,20834.364537437195,147644.0845374372,Email missing amounts +20%
6,Call,28252.92,1389.3468426866991,29642.2668426867,Email missing amounts +20%
6,Email,23706.75,2085.589984358707,26209.457981230447,Email missing amounts +20%
6,Email + Call,111152.07,21605.345036390103,132757.4150363901,Email missing amounts +20%
1,Call,26159.18,634.9049846934967,26794.084984693498,Email + Call missing amounts -20%
1,Email,229765.55,16496.430616699767,246261.98061669976,Email + Call missing amounts -20%
1,Email + Call,16885.33,2195.4287186700767,18641.672974936064,Email + Call missing amounts -20%
2,Call,33792.02,1311.513385708402,35103.5333857084,Email + Call missing amounts -20%
2,Email,137891.57,10898.160296925445,148789.73029692547,Email + Call missing amounts -20%
2,Email + Call,26376.23,4484.377044025157,29963.731635220127,Email + Call missing amounts -20%
3,Call,36247.27,1413.9071968701096,37661.17719687011,Email + Call missing amounts -20%
3,Email,98792.14,8022.606130290673,106814.74613029067,Email + Call missing amounts -20%
3,Email + Call,48737.14,5261.0490625,52945.97925,Email + Call missing amounts -20%
4,Call,49593.99,2107.8356922044777,51701.825692204475,Email + Call missing amounts -20%
4,Email,107788.37,9241.138658783078,117029.50865878307,Email + Call missing amounts -20%
4,Email + Call,78296.2,11225.20851318945,87276.36681055155,Email + Call missing amounts -20%
5,Call,53518.11,1975.5164662831646,55493.62646628317,Email + Call missing amounts -20%
5,Email,74373.45,6513.594123966942,80887.04412396695,Email + Call missing amounts -20%
5,Email + Call,126809.72,20834.364537437195,143477.21162994974,Email + Call missing amounts -20%
6,Call,28252.92,1389.3468426866991,29642.2668426867,Email + Call missing amounts -20%
6,Email,23706.75,2085.589984358707,25792.339984358707,Email + Call missing amounts -20%
6,Email + Call,111152.07,21605.345036390103,128436.34602911209,Email + Call missing amounts -20%
1,Call,26159.18,634.9049846934967,26794.084984693498,Email + Call missing amounts +20%
1,Email,229765.55,16496.430616699767,246261.98061669976,Email + Call missing amounts +20%
1,Email + Call,16885.33,2195.4287186700767,19519.844462404093,Email + Call missing amounts +20%
2,Call,33792.02,1311.513385708402,35103.5333857084,Email + Call missing amounts +20%
2,Email,137891.57,10898.160296925445,148789.73029692547,Email + Call missing amounts +20%
2,Email + Call,26376.23,4484.377044025157,31757.482452830187,Email + Call missing amounts +20%
3,Call,36247.27,1413.9071968701096,37661.17719687011,Email + Call missing amounts +20%
3,Email,98792.14,8022.606130290673,106814.74613029067,Email + Call missing amounts +20%
3,Email + Call,48737.14,5261.0490625,55050.398875,Email + Call missing amounts +20%
4,Call,49593.99,2107.8356922044777,51701.825692204475,Email + Call missing amounts +20%
4,Email,107788.37,9241.138658783078,117029.50865878307,Email + Call missing amounts +20%
4,Email + Call,78296.2,11225.20851318945,91766.45021582734,Email + Call missing amounts +20%
5,Call,53518.11,1975.5164662831646,55493.62646628317,Email + Call missing amounts +20%
5,Email,74373.45,6513.594123966942,80887.04412396695,Email + Call missing amounts +20%
5,Email + Call,126809.72,20834.364537437195,151810.95744492463,Email + Call missing amounts +20%
6,Call,28252.92,1389.3468426866991,29642.2668426867,Email + Call missing amounts +20%
6,Email,23706.75,2085.589984358707,25792.339984358707,Email + Call missing amounts +20%
6,Email + Call,111152.07,21605.345036390103,137078.48404366814,Email + Call missing amounts +20%
