Sales Method,Metric,Week 1 Value,Week 6 Value,Absolute Change,Percentage Change (%)
Call,customer_count,758.0,448.0,-310.0,-40.89709762532981
Call,observed_mean_revenue,35.35024324324324,66.16608899297424,30.815845749730997,87.17293835204674
Call,estimated_revenue_total,26794.084984693498,29642.2668426867,2848.1818579932005,10.629890364310878
Email,customer_count,2815.0,197.0,-2618.0,-93.00177619893428
Email,observed_mean_revenue,87.49640137090631,130.97651933701658,43.48011796611027,49.69360714824549
Email,estimated_revenue_total,246261.98061669976,25792.339984358707,-220469.64063234106,-89.526462866997
Email + Call,customer_count,148.0,583.0,435.0,293.9189189189189
Email + Call,observed_mean_revenue,128.89564885496185,227.77063524590164,98.8749863909398,76.70932825839418
Email + Call,estimated_revenue_total,19080.758718670077,132757.4150363901,113676.65631772002,595.765912633705
