sales_method,nb_sold,recorded_customer_count,observed_mean_revenue,minimum_recorded_revenue,maximum_recorded_revenue
Call,7,681,35.09383259911895,32.54,37.48
Call,8,858,41.04388111888112,37.5,42.49
Call,9,832,43.86926682692308,42.51,47.5
Call,10,1125,51.184044444444446,47.5,52.5
Call,11,854,53.72790398126463,52.51,57.47
Call,12,4,57.7775,57.56,58.01
Call,13,365,65.74972602739726,63.54,67.5
Call,14,62,68.61725806451612,67.52,71.36
Email,8,934,83.06434689507495,78.83,85.0
Email,9,2399,89.6020091704877,85.0,95.0
Email,10,1820,99.75554395604395,95.0,104.99
Email,11,1406,108.71905405405404,105.01,114.98
Email,12,182,118.63945054945056,115.0,124.95
Email,13,147,129.70326530612246,125.04,134.97
Email,14,31,137.67225806451614,135.1,144.01
Email,15,3,146.61,145.15,148.97
Email + Call,8,46,126.08282608695653,122.11,127.37
Email + Call,9,85,130.41788235294118,127.55,136.36
Email + Call,10,479,151.48768267223383,144.51,157.39
Email + Call,11,16,159.423125,157.77,164.14
Email + Call,12,775,182.84149677419356,174.07,187.5
Email + Call,13,334,189.83161676646708,187.5,198.32
Email + Call,15,458,227.35320960698692,221.41,232.47
Email + Call,16,30,234.14333333333335,232.52,238.32
