sales_method,nb_sold,week,customer_count,recorded_revenue_count,missing_revenue_count,observed_mean_revenue,observed_revenue_std,imputed_revenue_total,completed_estimate_count,unestimated_revenue_count,requires_fallback,small_support_group,mean_imputed_revenue
Call,7,1,698,681,17,35.09383259911895,1.0637835478336821,596.5951541850221,17,0,False,False,35.09383259911895
Call,8,1,60,59,1,38.30983050847458,0.7398310420476572,38.30983050847458,1,0,False,False,38.30983050847458
Call,8,2,166,160,6,41.9794375,0.4140644480492926,251.87662500000002,6,0,False,False,41.9794375
Call,9,2,630,607,23,43.967413509060954,1.0464171460653624,1011.250510708402,23,0,False,False,43.967413509060954
Call,10,2,9,8,1,48.386250000000004,0.9971378683870278,48.386250000000004,1,0,False,False,48.386250000000004
Call,8,3,666,639,27,41.06206572769953,0.7845954903307772,1108.6757746478875,27,0,False,False,41.06206572769953
Call,9,3,232,225,7,43.60448888888889,0.8810073531754471,305.2314222222222,7,0,False,False,43.60448888888889
Call,10,3,4,4,0,49.4,1.2417192382606703,0.0,0,0,False,False,
Call,10,4,797,764,33,50.9215445026178,0.8621489940405764,1680.4109685863873,33,0,False,False,50.9215445026178
Call,11,4,207,199,8,53.42809045226131,0.8110240265091079,427.42472361809047,8,0,False,False,53.42809045226131
Call,12,4,1,1,0,57.74,,0.0,0,0,False,False,
Call,10,5,359,349,10,51.8432664756447,0.4249640830589445,518.4326647564469,10,0,False,False,51.84326647564469
Call,11,5,681,655,26,53.81899236641222,1.0559475757897543,1399.2938015267177,26,0,False,False,53.81899236641222
Call,12,5,4,3,1,57.79,0.22516660498395194,57.79,1,0,False,True,57.79
Call,13,6,383,365,18,65.74972602739726,0.8943595728854948,1183.4950684931507,18,0,False,False,65.74972602739726
Call,14,6,65,62,3,68.61725806451612,0.9845164734067733,205.85177419354835,3,0,False,False,68.61725806451612
Email,8,1,997,933,64,83.06246516613076,1.3484059616693949,5315.997770632369,64,0,False,False,83.06246516613076
Email,9,1,1600,1483,117,88.67504383007417,2.6417991497727935,10374.980128118677,117,0,False,False,88.67504383007416
Email,10,1,201,195,6,98.14856410256411,2.5362615539093696,588.8913846153846,6,0,False,False,98.1485641025641
Email,11,1,17,15,2,108.28066666666668,2.3246826716370403,216.56133333333335,2,0,False,False,108.28066666666668
Email,9,2,129,120,9,94.02199999999999,0.7685078852867412,846.1979999999999,9,0,False,False,94.02199999999999
Email,10,2,1155,1067,88,99.2379381443299,2.610825504712584,8732.938556701032,88,0,False,False,99.23793814432992
Email,11,2,183,173,10,108.0721387283237,2.5262594241916183,1080.721387283237,10,0,False,False,108.0721387283237
Email,12,2,19,17,2,119.15117647058823,2.8333656716724294,238.30235294117645,2,0,False,False,119.15117647058823
Email,8,3,1,1,0,84.82,,0.0,0,0,False,False,
Email,9,3,847,796,51,90.66267587939699,2.280885076025053,4623.796469849246,51,0,False,False,90.66267587939699
Email,10,3,276,248,28,98.28120967741935,2.4376917444331694,2751.873870967742,28,0,False,False,98.28120967741935
Email,11,3,25,19,6,107.82263157894738,2.6615531015331433,646.9357894736843,6,0,False,False,107.82263157894738
Email,12,3,1,1,0,117.46,,0.0,0,0,False,False,
Email,10,4,199,182,17,103.71681318681318,0.9499355943516912,1763.185824175824,17,0,False,False,103.71681318681318
Email,11,4,776,715,61,108.8699160839161,2.567965601771916,6641.064881118882,61,0,False,False,108.8699160839161
Email,12,4,92,86,6,118.05732558139535,2.3960675746233484,708.3439534883721,6,0,False,False,118.05732558139535
Email,13,4,6,5,1,128.544,3.7893310755329876,128.544,1,0,False,False,128.544
Email,14,4,2,2,0,137.135,0.7283199846221549,0.0,0,0,False,False,
Email,10,5,138,128,10,103.74249999999999,0.887696301901414,1037.425,10,0,False,False,103.74249999999999
Email,11,5,530,484,46,108.77619834710744,2.542476419884783,5003.705123966942,46,0,False,False,108.77619834710742
Email,12,5,69,65,4,118.116,2.33082388867113,472.464,4,0,False,False,118.116
Email,13,5,5,5,0,126.752,1.064011278135714,0.0,0,0,False,False,
Email,14,5,1,1,0,135.43,,0.0,0,0,False,False,
Email,12,6,13,13,0,124.52923076923078,0.4088288463905476,0.0,0,0,False,False,
Email,13,6,152,137,15,129.85328467153286,2.724962522540188,1947.7992700729928,15,0,False,False,129.85328467153286
Email,14,6,29,28,1,137.79071428571427,2.1795428140568545,137.79071428571427,1,0,False,False,137.79071428571427
Email,15,6,3,3,0,146.61,2.0629105651966566,0.0,0,0,False,False,
Email + Call,8,1,51,46,5,126.08282608695653,1.1514525378233802,630.4141304347827,5,0,False,False,126.08282608695654
Email + Call,9,1,97,85,12,130.41788235294118,2.1031581095137475,1565.014588235294,12,0,False,False,130.41788235294118
Email + Call,10,2,184,159,25,153.84641509433962,2.2525109148554345,3846.1603773584907,25,0,False,False,153.84641509433962
Email + Call,11,2,16,12,4,159.55416666666667,1.9835938840825458,638.2166666666667,4,0,False,False,159.55416666666667
Email + Call,10,3,355,320,35,150.3156875,2.7272712192393946,5261.0490625,35,0,False,False,150.3156875
Email + Call,11,3,4,4,0,159.03,0.5455272678794375,0.0,0,0,False,False,
Email + Call,12,4,475,417,58,180.51549160671465,2.483968175070106,10469.89851318945,58,0,False,False,180.51549160671465
Email + Call,13,4,20,16,4,188.82750000000001,1.3161230945470117,755.3100000000001,4,0,False,False,188.82750000000001
Email + Call,12,5,414,358,56,185.5508379888268,1.3005818010790067,10390.846927374301,56,0,False,False,185.5508379888268
Email + Call,13,5,373,318,55,189.88213836477988,1.979326229172135,10443.517610062892,55,0,False,False,189.88213836477985
Email + Call,15,6,552,458,94,227.35320960698692,2.3089074883300986,21371.20170305677,94,0,False,False,227.35320960698692
Email + Call,16,6,31,30,1,234.14333333333335,1.6599113672501997,234.14333333333335,1,0,False,False,234.14333333333335
